<?xml version="1.0" encoding="UTF-8" standalone="yes" ?>
<appProperties xmlns="http://schemas.mathworks.com/matlab/app/2012/appProperties" signature="9E24FE2409C3FC8C5A716293E6B2520C1E5FBC6D">

  <entryPoint>bodeapp</entryPoint>

  <name>bodeapp</name>

  <version>2.1</version>

  <createdByMATLABRelease>(R2020b)</createdByMATLABRelease>

  <GUID>fb07697e-7314-4f0d-b86e-7cba99e99b9a</GUID>

  <author>
    <name>Stefano Panzieri</name>
    <contact>panzieri@uniroma3.it</contact>
    <organization>Università degli Studi Roma TRE</organization>
  </author>

  <supportedPlatforms/>

  <requiredProducts/>

  <numFiles>4</numFiles>

  <created>2021-04-28T11:22:56Z</created>

  <appEntries>
    <appFile>/bodeapp.mlapp</appFile>
    <appFile>/bodeappfile.mat</appFile>
    <appFile>/logo_RM3_20.jpg</appFile>
    <appFile>/asintotico.m</appFile>
  </appEntries>

</appProperties>
